<includes>
	<include name="CommonMediaPlayingBackground">
		<control type="image">
			<posx>0</posx>
			<posy>0</posy>
			<width>1280</width>
			<height>720</height>
			<texture>special://skin/backgrounds/media-overlay.png</texture>
			<visible>Player.HasVideo + !Skin.HasSetting(ShowBackgroundVideo)</visible>
		</control>
		<control type="visualisation">
			<posx>0</posx>
			<posy>0</posy>
			<width>1280</width>
			<height>720</height>
			<visible>Player.HasAudio + !Skin.HasSetting(ShowBackgroundVis)</visible>
			<visible>!SubString(Window(videolibrary).Property(TvTunesIsAlive),True)</visible>
		</control>
		<control type="videowindow">
			<posx>0</posx>
			<posy>0</posy>
			<width>1280</width>
			<height>720</height>
			<visible>Player.HasVideo + !Skin.HasSetting(ShowBackgroundVideo)</visible>
		</control>
	</include>
	<include name="CommonVideoBackground">
		<control type="multiimage">
			<posx>0</posx>
			<posy>0</posy>
			<width>1280</width>
			<height>720</height>
			<imagepath fallback="special://skin/backgrounds/videos.jpg" background="true">$INFO[Skin.String(Home_Custom_Back_Video_Folder)]</imagepath>
			<timeperimage>10000</timeperimage>
			<randomize>true</randomize>
			<fadetime>1000</fadetime>
		</control>
		<control type="image">
			<posx>0</posx>
			<posy>0</posy>
			<width>1280</width>
			<height>720</height>
			<texture background="true">$INFO[ListItem.Property(Fanart_Image)]</texture>
			<include>backgroundfade</include>
			<fadetime>FanartCrossfadeTime</fadetime>
			<visible>!Skin.HasSetting(HideBackGroundFanart) + !IsEmpty(ListItem.Property(Fanart_Image))</visible>
			<include>Window_OpenClose_Animation</include>
		</control>
	</include>
	<include name="CommonMusicBackground">
		<control type="multiimage">
			<posx>0</posx>
			<posy>0</posy>
			<width>1280</width>
			<height>720</height>
			<imagepath fallback="special://skin/backgrounds/music.jpg" background="true">$INFO[Skin.String(Home_Custom_Back_Music_Folder)]</imagepath>
			<timeperimage>10000</timeperimage>
			<randomize>true</randomize>
			<fadetime>1000</fadetime>
		</control>
		<control type="image">
			<posx>0</posx>
			<posy>0</posy>
			<width>1280</width>
			<height>720</height>
			<texture background="true">$INFO[ListItem.Property(Fanart_Image)]</texture>
			<include>backgroundfade</include>
			<fadetime>FanartCrossfadeTime</fadetime>
			<visible>!Skin.HasSetting(HideBackGroundFanart) + !IsEmpty(ListItem.Property(Fanart_Image))</visible>
			<include>Window_OpenClose_Animation</include>
		</control>
	</include>
	<include name="CommonPictureBackground">
		<control type="multiimage">
			<posx>0</posx>
			<posy>0</posy>
			<width>1280</width>
			<height>720</height>
			<imagepath fallback="special://skin/backgrounds/pictures.jpg" background="true">$INFO[Skin.String(Home_Custom_Back_Pictures_Folder)]</imagepath>
			<timeperimage>10000</timeperimage>
			<randomize>true</randomize>
			<fadetime>1000</fadetime>
		</control>
		<control type="image">
			<posx>0</posx>
			<posy>0</posy>
			<width>1280</width>
			<height>720</height>
			<texture background="true">$INFO[ListItem.Property(Fanart_Image)]</texture>
			<include>backgroundfade</include>
			<fadetime>FanartCrossfadeTime</fadetime>
			<visible>!Skin.HasSetting(HideBackGroundFanart) + !IsEmpty(ListItem.Property(Fanart_Image))</visible>
			<include>Window_OpenClose_Animation</include>
		</control>
	</include>
	<include name="CommonProgramsBackground">
		<control type="multiimage">
			<posx>0</posx>
			<posy>0</posy>
			<width>1280</width>
			<height>720</height>
			<imagepath fallback="special://skin/backgrounds/programs.jpg" background="true">$INFO[Skin.String(Home_Custom_Back_Programs_Folder)]</imagepath>
			<timeperimage>10000</timeperimage>
			<randomize>true</randomize>
			<fadetime>1000</fadetime>
		</control>
		<control type="image">
			<posx>0</posx>
			<posy>0</posy>
			<width>1280</width>
			<height>720</height>
			<texture background="true">$INFO[ListItem.Property(Fanart_Image)]</texture>
			<include>backgroundfade</include>
			<fadetime>FanartCrossfadeTime</fadetime>
			<visible>!Skin.HasSetting(HideBackGroundFanart) + !IsEmpty(ListItem.Property(Fanart_Image))</visible>
			<include>Window_OpenClose_Animation</include>
		</control>
	</include>
	<include name="CommonWeatherBackground">
		<control type="multiimage">
			<posx>0</posx>
			<posy>0</posy>
			<width>1280</width>
			<height>720</height>
			<imagepath fallback="special://skin/backgrounds/weather.jpg" background="true">$INFO[Skin.String(Home_Custom_Back_Weather_Folder)]</imagepath>
			<timeperimage>10000</timeperimage>
			<randomize>true</randomize>
			<fadetime>1000</fadetime>
			<visible>![Skin.HasSetting(ShowWeatherFanart) + !IsEmpty(Skin.String(WeatherFanartDir))]</visible>
		</control>
		<control type="multiimage">
			<posx>0</posx>
			<posy>0</posy>
			<width>1280</width>
			<height>720</height>
			<imagepath background="true">$INFO[Skin.String(WeatherFanartDir)]$INFO[Window(Weather).Property(Current.FanartCode)]</imagepath>
			<timeperimage>10000</timeperimage>
			<randomize>true</randomize>
			<fadetime>1000</fadetime>
			<visible>Skin.HasSetting(ShowWeatherFanart) + !IsEmpty(Skin.String(WeatherFanartDir))</visible>
			<animation effect="fade" time="200">WindowClose</animation>
		</control>
	</include>
	<include name="CommonSettingsBackground">
		<control type="multiimage">
			<posx>0</posx>
			<posy>0</posy>
			<width>1280</width>
			<height>720</height>
			<imagepath fallback="special://skin/backgrounds/settings.jpg" background="true">$INFO[Skin.String(Home_Custom_Back_Settings_Folder)]</imagepath>
			<timeperimage>10000</timeperimage>
			<randomize>true</randomize>
			<fadetime>1000</fadetime>
		</control>
		<control type="image">
			<posx>0</posx>
			<posy>0</posy>
			<width>1280</width>
			<height>720</height>
			<texture background="true">$INFO[ListItem.Property(Fanart_Image)]</texture>
			<include>backgroundfade</include>
			<fadetime>FanartCrossfadeTime</fadetime>
			<visible>!Skin.HasSetting(HideBackGroundFanart) + !IsEmpty(ListItem.Property(Fanart_Image))</visible>
			<include>Window_OpenClose_Animation</include>
		</control>
	</include>
	<include name="ContentPanelBackgrounds">
		<control type="image">
			<posx>0</posx>
			<posy>100r</posy>
			<width>1280</width>
			<height>100</height>
			<texture>floor.png</texture>
			<animation effect="slide" start="0,10" end="0,0" time="200" condition="Window.Previous(Home)">WindowOpen</animation>
			<animation effect="slide" start="0,0" end="0,10" time="200" condition="Window.Next(Home)">WindowClose</animation>
		</control>
		<control type="group">
			<include>Window_OpenClose_Animation</include>
			<control type="group">
				<include>VisibleFadeEffect</include>
				<visible>Control.IsVisible(50)</visible>
				<control type="image">
					<posx>50</posx>
					<posy>60</posy>
					<width>750</width>
					<height>600</height>
					<texture border="15">ContentPanel.png</texture>
				</control>
				<control type="image">
					<posx>50</posx>
					<posy>652</posy>
					<width>750</width>
					<height>64</height>
					<texture border="15">ContentPanelMirror.png</texture>
				</control>
			</control>
			<control type="group">
				<include>VisibleFadeEffect</include>
				<visible>Control.IsVisible(504) | Control.IsVisible(550) | Control.IsVisible(512)</visible>
				<control type="image">
					<posx>50</posx>
					<posy>60</posy>
					<width>640</width>
					<height>600</height>
					<texture border="15">ContentPanel.png</texture>
				</control>
				<control type="image">
					<posx>50</posx>
					<posy>652</posy>
					<width>640</width>
					<height>64</height>
					<texture border="15">ContentPanelMirror.png</texture>
				</control>
				<control type="image">
					<posx>700</posx>
					<posy>60</posy>
					<width>530</width>
					<height>600</height>
					<texture border="15">ContentPanel.png</texture>
				</control>
				<control type="image">
					<posx>700</posx>
					<posy>652</posy>
					<width>530</width>
					<height>64</height>
					<texture border="15">ContentPanelMirror.png</texture>
				</control>
			</control>
			<control type="group">
				<include>VisibleFadeEffect</include>
				<visible>Control.IsVisible(551) | Control.IsVisible(560) | Control.IsVisible(511) | Control.IsVisible(506) | Control.IsVisible(513)</visible>
				<control type="image">
					<posx>50</posx>
					<posy>60</posy>
					<width>840</width>
					<height>600</height>
					<texture border="15">ContentPanel.png</texture>
				</control>
				<control type="image">
					<posx>50</posx>
					<posy>652</posy>
					<width>840</width>
					<height>64</height>
					<texture border="15">ContentPanelMirror.png</texture>
				</control>
				<control type="image">
					<posx>900</posx>
					<posy>60</posy>
					<width>330</width>
					<height>600</height>
					<texture border="15">ContentPanel.png</texture>
				</control>
				<control type="image">
					<posx>900</posx>
					<posy>652</posy>
					<width>330</width>
					<height>64</height>
					<texture border="15">ContentPanelMirror.png</texture>
				</control>
			</control>
			<control type="group">
				<include>VisibleFadeEffect</include>
				<visible>Control.IsVisible(501)</visible>
				<control type="image">
					<posx>50</posx>
					<posy>50</posy>
					<width>1180</width>
					<height>610</height>
					<texture border="15">ContentPanel.png</texture>
				</control>
				<control type="image">
					<posx>50</posx>
					<posy>652</posy>
					<width>1180</width>
					<height>64</height>
					<texture border="15">ContentPanelMirror.png</texture>
				</control>
			</control>
			<control type="group">
				<include>VisibleFadeEffect</include>
				<visible>Control.IsVisible(503)</visible>
				<control type="image">
					<posx>50</posx>
					<posy>230</posy>
					<width>640</width>
					<height>430</height>
					<texture border="15">ContentPanel.png</texture>
				</control>
				<control type="image">
					<posx>50</posx>
					<posy>652</posy>
					<width>640</width>
					<height>64</height>
					<texture border="15">ContentPanelMirror.png</texture>
				</control>
				<control type="image">
					<posx>700</posx>
					<posy>230</posy>
					<width>550</width>
					<height>430</height>
					<texture border="15">ContentPanel.png</texture>
				</control>
				<control type="image">
					<posx>700</posx>
					<posy>652</posy>
					<width>550</width>
					<height>64</height>
					<texture border="15">ContentPanelMirror.png</texture>
				</control>
			</control>
			<control type="group">
				<include>VisibleFadeEffect</include>
				<visible>Control.IsVisible(51) | Control.IsVisible(500) | Control.IsVisible(505)</visible>
				<control type="image">
					<posx>75</posx>
					<posy>60</posy>
					<width>1130</width>
					<height>600</height>
					<texture border="15">ContentPanel.png</texture>
				</control>
				<control type="image">
					<posx>75</posx>
					<posy>652</posy>
					<width>1130</width>
					<height>64</height>
					<texture border="15">ContentPanelMirror.png</texture>
				</control>
			</control>
			<control type="group">
				<include>VisibleFadeEffect</include>
				<visible>Control.IsVisible(514)</visible>
				<control type="image">
					<posx>50</posx>
					<posy>60</posy>
					<width>490</width>
					<height>600</height>
					<texture border="15">ContentPanel.png</texture>
				</control>
				<control type="image">
					<posx>50</posx>
					<posy>652</posy>
					<width>490</width>
					<height>64</height>
					<texture border="15">ContentPanelMirror.png</texture>
				</control>
				<control type="image">
					<posx>550</posx>
					<posy>60</posy>
					<width>680</width>
					<height>600</height>
					<texture border="15">ContentPanel.png</texture>
				</control>
				<control type="image">
					<posx>550</posx>
					<posy>652</posy>
					<width>680</width>
					<height>64</height>
					<texture border="15">ContentPanelMirror.png</texture>
				</control>
			</control>
		</control>
	</include>
</includes>